issuer,class,cusip,value,shares
10X Genomics Inc,CL A COM,88025U109,15455,403100
Adma Biologics Inc,COM,000899104,23303,2784110
Advanced Micro Devices Inc,COM,007903107,42348,72900
Aeva Technologies Inc,COM NEW,00835Q202,20683,720175
Alcoa Corp,COM,013872106,9679,185640
Alphabet Inc,CAP STK CL A,02079K305,120184,336300
Amazon Com Inc,COM,023135106,129085,541600
Amazon Com Inc,COM,023135106,109470,459300
Arm Holdings Plc,SPONSORED ADS,042068205,9960,28090
Aurora Innovation Inc,CLASS A COM,051774107,4322,633700
Baidu Inc,SPON ADR REP A,056752108,10080,88200
Bbb Foods Inc,CL A COM,G0896C103,120915,2901733
Beam Therapeutics Inc,COM,07373V105,5272,153600
Belite Bio Inc Sponsored,ADS,07782B104,16338,106100
Bitdeer Technologies Group,CL A ORD SHS,G11448100,64670,4074993
Caris Life Sciences Inc,COM,142152107,33759,1894450
Carvana Co,CL A,146869102,9939,151000
Cavco Inds Inc Del,COM,149568107,24268,39500
Ccc Intelligent Solutions Hl,COM,12510Q100,6042,1170900
Cdw Corp,COM,12514G108,104629,743950
Cdw Corp,COM,12514G108,35160,250000
Champion Homes Inc,COM,830830105,22418,254400
Cleveland-Cliffs Inc New,COM,185899101,39590,4216184
Coupang Inc,CL A,22266T109,46334,2667485
Crh Plc,ORD,G25508105,59230,553555
D R Horton Inc,COM,23331A109,48701,299000
Daktronics Inc,COM,234264109,21968,1123109
Danaher Corp Del,COM,235851102,9581,50300
Dbv Technologies S A Sponsored,ADS,23306J309,6287,383363
Definium Therapeutics Inc,COM SHS,24477V105,16774,356600
Delta Air Lines Inc,COM NEW,247361702,56477,603000
Eli Lilly & Co,COM,532457108,14849,12380
Entegris Inc,COM,29362U104,21277,118300
Equinix Inc,COM,29444U700,19232,18450
F5 Inc,COM,315616102,9151,22000
Fluor Corp,COM,343412102,51457,982200
Fox Corp,CL A COM,35137L105,114992,2204600
Fox Corp,CL B COM,35137L204,29631,632600
Ftai Aviation Ltd,SHS,G3730V105,5465,20200
Global X Fds,GB MSCI AR ETF,37950E259,30019,328800
Grupo Financiero Galicia S.A,SPONSORED ADR,399909100,2977,59500
Hut 8 Corp,COM,44812J104,36267,314150
Hyperliquid Strategies Inc,COM,44916Y106,23150,2941500
Insmed Inc,COM PAR $.01,457669307,151900,1424690
Insmed Inc,COM PAR $.01,457669307,143937,1350000
Invesco Exchange Traded Fd T,S&P500 EQL WGT,46137V357,15830,74400
Invesco Exchange Traded Fd T,S&P500 EQL WGT,46137V357,174684,821000
Iren Limited,ORDINARY SHARES,Q4982L109,3983,87100
Ishares Inc,MSCI BRAZIL ETF,464286400,118548,3436170
Ishares Inc,MSCI BRAZIL ETF,464286400,145866,4228000
Ishares Tr,RUSSELL 2000 ETF,464287655,99149,330000
Jbs N.V.,CL A SHS,N4732M103,7772,655900
Lam Research Corp,COM NEW,512807306,18893,43600
Linde Plc,SHS,G54950103,21380,41200
Meta Platforms Inc,CL A,30303M102,28165,50000
Monte Rosa Therapeutics Inc,COM,61225M102,7202,297600
Natera Inc,COM,632307104,864923,3186306
Navitas Semiconductor Corp,COM,63942X106,5575,311100
Newamsterdam Pharma Company,ORDINARY SHARES,N62509109,104047,3070146
Nuvation Bio Inc,COM CL A,67080N101,25786,4539800
Olema Pharmaceuticals Inc,COM,68062P106,12345,986827
Palo Alto Networks Inc,COM,697435105,39780,116650
Protagonist Therapeutics Inc,COM,74366E102,25607,208900
Purecycle Technologies Inc,COM,74623V103,21746,2681415
Qnity Electronics Inc,COMMON STOCK,74743L100,20521,125655
Rambus Inc Del,COM,750917106,22964,173000
Reddit Inc,CL A,75734B100,9816,56550
Relay Therapeutics Inc,COM,75943R102,6530,349000
Repligen Corp,COM,759916109,10560,77400
Revolution Medicines Inc,COM,76155X100,74835,399587
Rhythm Pharmaceuticals Inc,COM,76243J105,22608,203618
Riot Platforms Inc,COM,767292105,20666,754800
Rocket Cos Inc,COM CL A,77311W101,10272,652220
Roku Inc,COM CL A,77543R102,25425,184055
Sandisk Corp,COM,80004C200,79353,34900
Sea Ltd,SPONSORD ADS,81141R100,105404,1099905
Seagate Technology Hldngs Pl,ORD SHS,G7997R103,117730,122000
Skeena Res Ltd New,COM,83056P715,8003,300200
Solstice Advanced Matls Inc,COM SHS,83443Q103,5540,62525
Southern Copper Corp,COM,84265V105,21444,123060
State Str Spdr S&P 500 Etf T,TR UNIT,78462F103,67209,90000
Stmicroelectronics N V,NY REGISTRY,861012102,232375,3102880
Taiwan Semiconductor Manufac,SPONSORED ADS,874039100,281613,589680
Tesla Inc,COM,88160R101,52996,126000
Teva Pharmaceutical Inds Ltd,SPONSORED ADS,881624209,21175,624999
Thermo Fisher Scientific Inc,COM,883556102,9626,19200
United Airls Hldgs Inc,COM,910047109,108084,794795
Unity Software Inc,COM,91332U101,21114,738785
Uwm Holdings Corporation,COM CL A,91823B109,5915,2583000
Vista Energy S.A.B. De C.V.,SPONSORED ADS,92837L109,8594,134700
Wabtec,COM,929740108,15258,56595
Wave Life Sciences Ltd,SHS,Y95308105,1005,173000
Woodward Inc,COM,980745103,28587,67194
Xenon Pharmaceuticals Inc,COM,98420N105,14402,238600
Ypf Sociedad Anonima,SPON ADR CL D,984245100,142726,3138897
